{"count":1,"gauges":{"VisualMayanAdventureLearning.CumulativeReward":{"count":192,"max":0.766501248,"min":-2.73696518,"value":-2.12850928,"weightedAverage":-1.5248394}},"self":114.75208959999999,"total":431.033368,"children":{"AgentSendState":{"count":133351,"self":4.7308119999999994,"total":70.296137,"children":{"CollectObservations":{"count":26671,"self":0.49297399999999997,"total":0.49297399999999997,"children":null},"AgentInfo.ToProto":{"count":26671,"self":1.186316,"total":65.072351,"children":{"GenerateSensorData":{"count":26671,"self":1.5374889999999999,"total":63.886035,"children":{"CameraSensor.GetCompressedObservation":{"count":26671,"self":62.348544,"total":62.348546,"children":null}}}}}}},"DecideAction":{"count":133351,"self":242.43914239999998,"total":242.439155,"children":null},"AgentAct":{"count":133351,"self":3.127744,"total":3.524454,"children":{"AgentInfo.ToProto":{"count":181,"self":0.007918,"total":0.39671,"children":{"GenerateSensorData":{"count":181,"self":0.015406,"total":0.38879199999999997,"children":{"CameraSensor.GetCompressedObservation":{"count":181,"self":0.373386,"total":0.373386,"children":null}}}}}}},"AgentInfo.ToProto":{"count":11,"self":0.000516,"total":0.020683999999999998,"children":{"GenerateSensorData":{"count":11,"self":0.000603,"total":0.020168,"children":{"CameraSensor.GetCompressedObservation":{"count":11,"self":0.019565,"total":0.019565,"children":null}}}}}}}