{"count":1,"gauges":{},"self":5.4311159999999994,"total":5.443369,"children":{"AgentSendState":{"count":66,"self":0.0043089999999999995,"total":0.005572,"children":{"CollectObservations":{"count":14,"self":0.001263,"total":0.001263,"children":null}}},"DecideAction":{"count":66,"self":0.001387,"total":0.001387,"children":null},"AgentAct":{"count":66,"self":0.003715,"total":0.003715,"children":null}}}