{"count":1,"gauges":{"MayanAdventureLearning.CumulativeReward":{"count":2549,"max":0.991,"min":-4.16084337,"value":-1.02549815,"weightedAverage":-1.02935469}},"self":524.24248319999992,"total":992.952862,"children":{"AgentSendState":{"count":414667,"self":17.4574368,"total":42.813064,"children":{"CollectObservations":{"count":82933,"self":2.234432,"total":2.234432,"children":null},"AgentInfo.ToProto":{"count":82933,"self":4.1882272,"total":23.121195999999998,"children":{"GenerateSensorData":{"count":82933,"self":8.3556248,"total":18.932969,"children":{"RayPerceptionSensor.Perceive":{"count":165866,"self":10.577344,"total":10.577344,"children":null}}}}}}},"DecideAction":{"count":414667,"self":412.08094719999997,"total":412.08094,"children":null},"AgentAct":{"count":414667,"self":13.119204799999999,"total":13.211658,"children":{"AgentInfo.ToProto":{"count":361,"self":0.017245,"total":0.092453,"children":{"GenerateSensorData":{"count":361,"self":0.034165999999999995,"total":0.075208,"children":{"RayPerceptionSensor.Perceive":{"count":722,"self":0.041041999999999995,"total":0.041041999999999995,"children":null}}}}}}},"AgentInfo.ToProto":{"count":2188,"self":0.119684,"total":0.603966,"children":{"GenerateSensorData":{"count":2188,"self":0.211452,"total":0.484282,"children":{"RayPerceptionSensor.Perceive":{"count":4376,"self":0.27282999999999996,"total":0.27282999999999996,"children":null}}}}}}}