{"count":1,"gauges":{"MayanAdventureLearning.CumulativeReward":{"count":1,"max":-1.0475,"min":-1.0475,"value":-1.0475,"weightedAverage":-1.0475}},"self":64.702412799999991,"total":65.9088,"children":{"AgentSendState":{"count":3272,"self":0.162873,"total":0.182728,"children":{"CollectObservations":{"count":655,"self":0.019854999999999998,"total":0.019854999999999998,"children":null}}},"DecideAction":{"count":3272,"self":0.81824599999999992,"total":0.90189999999999992,"children":{"RayPerceptionSensor.Perceive":{"count":655,"self":0.083653999999999992,"total":0.083653999999999992,"children":null}}},"AgentAct":{"count":3272,"self":0.120847,"total":0.120847,"children":null}}}