{"count":1,"gauges":{"MayanAdventureLearning.CumulativeReward":{"count":6,"max":-0.0945001,"min":-2.33947515,"value":-1.49049544,"weightedAverage":-1.10296917}},"self":53.2269088,"total":53.671181999999995,"children":{"AgentSendState":{"count":2662,"self":0.16983399999999998,"total":0.18825899999999998,"children":{"CollectObservations":{"count":533,"self":0.018425,"total":0.018425,"children":null}}},"DecideAction":{"count":2662,"self":0.091608,"total":0.091608,"children":null},"AgentAct":{"count":2662,"self":0.161791,"total":0.161791,"children":null}}}